,Start_Time,Total_Accidents
0,2016-01-14,7
1,2016-01-15,0
2,2016-01-16,0
3,2016-01-17,0
4,2016-01-18,0
5,2016-01-19,0
6,2016-01-20,0
7,2016-01-21,0
8,2016-01-22,0
9,2016-01-23,0
10,2016-01-24,0
11,2016-01-25,0
12,2016-01-26,0
13,2016-01-27,0
14,2016-01-28,0
15,2016-01-29,0
16,2016-01-30,0
17,2016-01-31,0
18,2016-02-01,0
19,2016-02-02,0
20,2016-02-03,0
21,2016-02-04,0
22,2016-02-05,0
23,2016-02-06,0
24,2016-02-07,0
25,2016-02-08,1
26,2016-02-09,6
27,2016-02-10,6
28,2016-02-11,6
29,2016-02-12,7
30,2016-02-13,4
31,2016-02-14,6
32,2016-02-15,17
33,2016-02-16,11
34,2016-02-17,5
35,2016-02-18,3
36,2016-02-19,9
37,2016-02-20,3
38,2016-02-21,2
39,2016-02-22,10
40,2016-02-23,9
41,2016-02-24,9
42,2016-02-25,14
43,2016-02-26,4
44,2016-02-27,0
45,2016-02-28,3
46,2016-02-29,2
47,2016-03-01,0
48,2016-03-02,6
49,2016-03-03,6
50,2016-03-04,10
51,2016-03-05,4
52,2016-03-06,3
53,2016-03-07,4
54,2016-03-08,4
55,2016-03-09,6
56,2016-03-10,12
57,2016-03-11,6
58,2016-03-12,3
59,2016-03-13,5
60,2016-03-14,1
61,2016-03-15,8
62,2016-03-16,7
63,2016-03-17,7
64,2016-03-18,4
65,2016-03-19,2
66,2016-03-20,5
67,2016-03-21,4
68,2016-03-22,5
69,2016-03-23,18
70,2016-03-24,47
71,2016-03-25,17
72,2016-03-26,21
73,2016-03-27,15
74,2016-03-28,33
75,2016-03-29,25
76,2016-03-30,35
77,2016-03-31,16
78,2016-04-01,28
79,2016-04-02,22
80,2016-04-03,16
81,2016-04-04,20
82,2016-04-05,18
83,2016-04-06,24
84,2016-04-07,45
85,2016-04-08,26
86,2016-04-09,27
87,2016-04-10,19
88,2016-04-11,17
89,2016-04-12,19
90,2016-04-13,13
91,2016-04-14,24
92,2016-04-15,1
93,2016-04-16,0
94,2016-04-17,8
95,2016-04-18,31
96,2016-04-19,17
97,2016-04-20,20
98,2016-04-21,22
99,2016-04-22,18
100,2016-04-23,0
101,2016-04-24,13
102,2016-04-25,17
103,2016-04-26,20
104,2016-04-27,18
105,2016-04-28,14
106,2016-04-29,28
107,2016-04-30,17
108,2016-05-01,10
109,2016-05-02,23
110,2016-05-03,22
111,2016-05-04,29
112,2016-05-05,34
113,2016-05-06,2
114,2016-05-07,0
115,2016-05-08,1
116,2016-05-09,19
117,2016-05-10,39
118,2016-05-11,24
119,2016-05-12,25
120,2016-05-13,6
121,2016-05-14,0
122,2016-05-15,0
123,2016-05-16,13
124,2016-05-17,22
125,2016-05-18,31
126,2016-05-19,27
127,2016-05-20,18
128,2016-05-21,10
129,2016-05-22,16
130,2016-05-23,34
131,2016-05-24,20
132,2016-05-25,38
133,2016-05-26,24
134,2016-05-27,29
135,2016-05-28,15
136,2016-05-29,16
137,2016-05-30,24
138,2016-05-31,22
139,2016-06-01,25
140,2016-06-02,8
141,2016-06-03,20
142,2016-06-04,33
143,2016-06-05,17
144,2016-06-06,37
145,2016-06-07,17
146,2016-06-08,25
147,2016-06-09,10
148,2016-06-10,16
149,2016-06-11,24
150,2016-06-12,17
151,2016-06-13,29
152,2016-06-14,18
153,2016-06-15,1
154,2016-06-16,16
155,2016-06-17,34
156,2016-06-18,14
157,2016-06-19,14
158,2016-06-20,19
159,2016-06-21,58
160,2016-06-22,80
161,2016-06-23,70
162,2016-06-24,87
163,2016-06-25,52
164,2016-06-26,55
165,2016-06-27,76
166,2016-06-28,76
167,2016-06-29,49
168,2016-06-30,88
169,2016-07-01,46
170,2016-07-02,25
171,2016-07-03,31
172,2016-07-04,44
173,2016-07-05,75
174,2016-07-06,52
175,2016-07-07,81
176,2016-07-08,62
177,2016-07-09,68
178,2016-07-10,25
179,2016-07-11,61
180,2016-07-12,54
181,2016-07-13,55
182,2016-07-14,70
183,2016-07-15,28
184,2016-07-16,29
185,2016-07-17,14
186,2016-07-18,56
187,2016-07-19,59
188,2016-07-20,55
189,2016-07-21,62
190,2016-07-22,86
191,2016-07-23,42
192,2016-07-24,41
193,2016-07-25,68
194,2016-07-26,73
195,2016-07-27,60
196,2016-07-28,58
197,2016-07-29,73
198,2016-07-30,69
199,2016-07-31,46
200,2016-08-01,79
201,2016-08-02,94
202,2016-08-03,53
203,2016-08-04,61
204,2016-08-05,66
205,2016-08-06,46
206,2016-08-07,44
207,2016-08-08,99
208,2016-08-09,55
209,2016-08-10,58
210,2016-08-11,61
211,2016-08-12,61
212,2016-08-13,65
213,2016-08-14,50
214,2016-08-15,60
215,2016-08-16,60
216,2016-08-17,68
217,2016-08-18,83
218,2016-08-19,54
219,2016-08-20,46
220,2016-08-21,48
221,2016-08-22,79
222,2016-08-23,65
223,2016-08-24,74
224,2016-08-25,62
225,2016-08-26,73
226,2016-08-27,38
227,2016-08-28,61
228,2016-08-29,60
229,2016-08-30,71
230,2016-08-31,74
231,2016-09-01,79
232,2016-09-02,68
233,2016-09-03,43
234,2016-09-04,30
235,2016-09-05,61
236,2016-09-06,97
237,2016-09-07,64
238,2016-09-08,92
239,2016-09-09,67
240,2016-09-10,54
241,2016-09-11,51
242,2016-09-12,76
243,2016-09-13,64
244,2016-09-14,92
245,2016-09-15,73
246,2016-09-16,31
247,2016-09-17,9
248,2016-09-18,0
249,2016-09-19,1
250,2016-09-20,2
251,2016-09-21,1
252,2016-09-22,21
253,2016-09-23,96
254,2016-09-24,45
255,2016-09-25,51
256,2016-09-26,71
257,2016-09-27,79
258,2016-09-28,91
259,2016-09-29,67
260,2016-09-30,85
261,2016-10-01,52
262,2016-10-02,52
263,2016-10-03,69
264,2016-10-04,93
265,2016-10-05,75
266,2016-10-06,54
267,2016-10-07,74
268,2016-10-08,31
269,2016-10-09,22
270,2016-10-10,29
271,2016-10-11,72
272,2016-10-12,58
273,2016-10-13,64
274,2016-10-14,88
275,2016-10-15,49
276,2016-10-16,35
277,2016-10-17,51
278,2016-10-18,65
279,2016-10-19,64
280,2016-10-20,72
281,2016-10-21,84
282,2016-10-22,74
283,2016-10-23,37
284,2016-10-24,80
285,2016-10-25,68
286,2016-10-26,72
287,2016-10-27,54
288,2016-10-28,3
289,2016-10-29,22
290,2016-10-30,44
291,2016-10-31,69
292,2016-11-01,78
293,2016-11-02,94
294,2016-11-03,78
295,2016-11-04,99
296,2016-11-05,45
297,2016-11-06,37
298,2016-11-07,94
299,2016-11-08,82
300,2016-11-09,60
301,2016-11-10,87
302,2016-11-11,77
303,2016-11-12,54
304,2016-11-13,77
305,2016-11-14,95
306,2016-11-15,74
307,2016-11-16,84
308,2016-11-17,93
309,2016-11-18,105
310,2016-11-19,80
311,2016-11-20,47
312,2016-11-21,90
313,2016-11-22,90
314,2016-11-23,84
315,2016-11-24,48
316,2016-11-25,51
317,2016-11-26,46
318,2016-11-27,62
319,2016-11-28,56
320,2016-11-29,77
321,2016-11-30,72
322,2016-12-01,64
323,2016-12-02,74
324,2016-12-03,59
325,2016-12-04,52
326,2016-12-05,60
327,2016-12-06,112
328,2016-12-07,70
329,2016-12-08,73
330,2016-12-09,108
331,2016-12-10,90
332,2016-12-11,44
333,2016-12-12,104
334,2016-12-13,86
335,2016-12-14,80
336,2016-12-15,102
337,2016-12-16,92
338,2016-12-17,139
339,2016-12-18,69
340,2016-12-19,58
341,2016-12-20,98
342,2016-12-21,85
343,2016-12-22,58
344,2016-12-23,99
345,2016-12-24,44
346,2016-12-25,20
347,2016-12-26,48
348,2016-12-27,92
349,2016-12-28,69
350,2016-12-29,76
351,2016-12-30,76
352,2016-12-31,42
353,2017-01-01,9
354,2017-01-02,26
355,2017-01-03,73
356,2017-01-04,41
357,2017-01-05,84
358,2017-01-06,87
359,2017-01-07,63
360,2017-01-08,63
361,2017-01-09,88
362,2017-01-10,108
363,2017-01-11,88
364,2017-01-12,61
365,2017-01-13,49
366,2017-01-14,34
367,2017-01-15,36
368,2017-01-16,76
369,2017-01-17,86
370,2017-01-18,47
371,2017-01-19,72
372,2017-01-20,89
373,2017-01-21,74
374,2017-01-22,54
375,2017-01-23,76
376,2017-01-24,83
377,2017-01-25,47
378,2017-01-26,69
379,2017-01-27,85
380,2017-01-28,39
381,2017-01-29,59
382,2017-01-30,70
383,2017-01-31,98
384,2017-02-01,71
385,2017-02-02,60
386,2017-02-03,68
387,2017-02-04,41
388,2017-02-05,51
389,2017-02-06,68
390,2017-02-07,71
391,2017-02-08,62
392,2017-02-09,98
393,2017-02-10,64
394,2017-02-11,45
395,2017-02-12,45
396,2017-02-13,67
397,2017-02-14,83
398,2017-02-15,60
399,2017-02-16,59
400,2017-02-17,74
401,2017-02-18,31
402,2017-02-19,40
403,2017-02-20,58
404,2017-02-21,56
405,2017-02-22,79
406,2017-02-23,80
407,2017-02-24,117
408,2017-02-25,55
409,2017-02-26,56
410,2017-02-27,80
411,2017-02-28,87
412,2017-03-01,85
413,2017-03-02,106
414,2017-03-03,86
415,2017-03-04,52
416,2017-03-05,33
417,2017-03-06,71
418,2017-03-07,71
419,2017-03-08,76
420,2017-03-09,59
421,2017-03-10,85
422,2017-03-11,51
423,2017-03-12,61
424,2017-03-13,74
425,2017-03-14,107
426,2017-03-15,66
427,2017-03-16,69
428,2017-03-17,63
429,2017-03-18,35
430,2017-03-19,41
431,2017-03-20,88
432,2017-03-21,63
433,2017-03-22,73
434,2017-03-23,71
435,2017-03-24,61
436,2017-03-25,81
437,2017-03-26,40
438,2017-03-27,75
439,2017-03-28,63
440,2017-03-29,89
441,2017-03-30,75
442,2017-03-31,80
443,2017-04-01,58
444,2017-04-02,41
445,2017-04-03,65
446,2017-04-04,78
447,2017-04-05,67
448,2017-04-06,78
449,2017-04-07,82
450,2017-04-08,45
451,2017-04-09,28
452,2017-04-10,51
453,2017-04-11,65
454,2017-04-12,65
455,2017-04-13,108
456,2017-04-14,68
457,2017-04-15,54
458,2017-04-16,42
459,2017-04-17,86
460,2017-04-18,60
461,2017-04-19,63
462,2017-04-20,66
463,2017-04-21,72
464,2017-04-22,37
465,2017-04-23,45
466,2017-04-24,89
467,2017-04-25,96
468,2017-04-26,73
469,2017-04-27,77
470,2017-04-28,80
471,2017-04-29,32
472,2017-04-30,41
473,2017-05-01,52
474,2017-05-02,84
475,2017-05-03,70
476,2017-05-04,67
477,2017-05-05,80
478,2017-05-06,50
479,2017-05-07,54
480,2017-05-08,80
481,2017-05-09,85
482,2017-05-10,39
483,2017-05-11,66
484,2017-05-12,85
485,2017-05-13,60
486,2017-05-14,60
487,2017-05-15,58
488,2017-05-16,72
489,2017-05-17,91
490,2017-05-18,105
491,2017-05-19,95
492,2017-05-20,60
493,2017-05-21,36
494,2017-05-22,79
495,2017-05-23,76
496,2017-05-24,65
497,2017-05-25,61
498,2017-05-26,57
499,2017-05-27,58
500,2017-05-28,54
501,2017-05-29,63
502,2017-05-30,73
503,2017-05-31,47
504,2017-06-01,73
505,2017-06-02,105
506,2017-06-03,59
507,2017-06-04,41
508,2017-06-05,95
509,2017-06-06,73
510,2017-06-07,43
511,2017-06-08,88
512,2017-06-09,95
513,2017-06-10,45
514,2017-06-11,54
515,2017-06-12,74
516,2017-06-13,78
517,2017-06-14,77
518,2017-06-15,78
519,2017-06-16,76
520,2017-06-17,78
521,2017-06-18,44
522,2017-06-19,84
523,2017-06-20,100
524,2017-06-21,71
525,2017-06-22,67
526,2017-06-23,80
527,2017-06-24,70
528,2017-06-25,30
529,2017-06-26,47
530,2017-06-27,86
531,2017-06-28,57
532,2017-06-29,53
533,2017-06-30,87
534,2017-07-01,66
535,2017-07-02,33
536,2017-07-03,86
537,2017-07-04,58
538,2017-07-05,72
539,2017-07-06,54
540,2017-07-07,108
541,2017-07-08,69
542,2017-07-09,49
543,2017-07-10,61
544,2017-07-11,63
545,2017-07-12,52
546,2017-07-13,60
547,2017-07-14,80
548,2017-07-15,64
549,2017-07-16,46
550,2017-07-17,63
551,2017-07-18,80
552,2017-07-19,74
553,2017-07-20,55
554,2017-07-21,82
555,2017-07-22,42
556,2017-07-23,14
557,2017-07-24,60
558,2017-07-25,54
559,2017-07-26,76
560,2017-07-27,59
561,2017-07-28,88
562,2017-07-29,54
563,2017-07-30,51
564,2017-07-31,79
565,2017-08-01,71
566,2017-08-02,99
567,2017-08-03,70
568,2017-08-04,92
569,2017-08-05,63
570,2017-08-06,36
571,2017-08-07,81
572,2017-08-08,58
573,2017-08-09,56
574,2017-08-10,80
575,2017-08-11,90
576,2017-08-12,48
577,2017-08-13,53
578,2017-08-14,91
579,2017-08-15,83
580,2017-08-16,67
581,2017-08-17,78
582,2017-08-18,72
583,2017-08-19,54
584,2017-08-20,52
585,2017-08-21,61
586,2017-08-22,72
587,2017-08-23,80
588,2017-08-24,75
589,2017-08-25,71
590,2017-08-26,47
591,2017-08-27,50
592,2017-08-28,67
593,2017-08-29,71
594,2017-08-30,54
595,2017-08-31,73
596,2017-09-01,90
597,2017-09-02,49
598,2017-09-03,67
599,2017-09-04,46
600,2017-09-05,79
601,2017-09-06,83
602,2017-09-07,73
603,2017-09-08,75
604,2017-09-09,52
605,2017-09-10,67
606,2017-09-11,68
607,2017-09-12,65
608,2017-09-13,72
609,2017-09-14,57
610,2017-09-15,79
611,2017-09-16,38
612,2017-09-17,44
613,2017-09-18,70
614,2017-09-19,76
615,2017-09-20,69
616,2017-09-21,79
617,2017-09-22,56
618,2017-09-23,51
619,2017-09-24,53
620,2017-09-25,75
621,2017-09-26,67
622,2017-09-27,61
623,2017-09-28,59
624,2017-09-29,53
625,2017-09-30,70
626,2017-10-01,43
627,2017-10-02,80
628,2017-10-03,54
629,2017-10-04,72
630,2017-10-05,105
631,2017-10-06,65
632,2017-10-07,79
633,2017-10-08,42
634,2017-10-09,76
635,2017-10-10,51
636,2017-10-11,74
637,2017-10-12,81
638,2017-10-13,73
639,2017-10-14,52
640,2017-10-15,36
641,2017-10-16,51
642,2017-10-17,69
643,2017-10-18,80
644,2017-10-19,67
645,2017-10-20,80
646,2017-10-21,43
647,2017-10-22,35
648,2017-10-23,54
649,2017-10-24,88
650,2017-10-25,51
651,2017-10-26,76
652,2017-10-27,84
653,2017-10-28,40
654,2017-10-29,52
655,2017-10-30,53
656,2017-10-31,42
657,2017-11-01,54
658,2017-11-02,65
659,2017-11-03,61
660,2017-11-04,39
661,2017-11-05,40
662,2017-11-06,62
663,2017-11-07,69
664,2017-11-08,46
665,2017-11-09,70
666,2017-11-10,76
667,2017-11-11,42
668,2017-11-12,43
669,2017-11-13,58
670,2017-11-14,83
671,2017-11-15,82
672,2017-11-16,60
673,2017-11-17,80
674,2017-11-18,59
675,2017-11-19,47
676,2017-11-20,73
677,2017-11-21,101
678,2017-11-22,98
679,2017-11-23,59
680,2017-11-24,51
681,2017-11-25,54
682,2017-11-26,52
683,2017-11-27,90
684,2017-11-28,67
685,2017-11-29,84
686,2017-11-30,69
687,2017-12-01,75
688,2017-12-02,51
689,2017-12-03,60
690,2017-12-04,78
691,2017-12-05,83
692,2017-12-06,92
693,2017-12-07,83
694,2017-12-08,78
695,2017-12-09,52
696,2017-12-10,32
697,2017-12-11,62
698,2017-12-12,76
699,2017-12-13,69
700,2017-12-14,92
701,2017-12-15,102
702,2017-12-16,44
703,2017-12-17,44
704,2017-12-18,90
705,2017-12-19,91
706,2017-12-20,62
707,2017-12-21,85
708,2017-12-22,65
709,2017-12-23,55
710,2017-12-24,42
711,2017-12-25,44
712,2017-12-26,68
713,2017-12-27,62
714,2017-12-28,59
715,2017-12-29,78
716,2017-12-30,63
717,2017-12-31,55
718,2018-01-01,60
719,2018-01-02,63
720,2018-01-03,105
721,2018-01-04,99
722,2018-01-05,87
723,2018-01-06,41
724,2018-01-07,38
725,2018-01-08,101
726,2018-01-09,97
727,2018-01-10,73
728,2018-01-11,44
729,2018-01-12,130
730,2018-01-13,72
731,2018-01-14,48
732,2018-01-15,78
733,2018-01-16,97
734,2018-01-17,93
735,2018-01-18,72
736,2018-01-19,53
737,2018-01-20,26
738,2018-01-21,39
739,2018-01-22,64
740,2018-01-23,103
741,2018-01-24,101
742,2018-01-25,73
743,2018-01-26,61
744,2018-01-27,62
745,2018-01-28,47
746,2018-01-29,72
747,2018-01-30,86
748,2018-01-31,74
749,2018-02-01,92
750,2018-02-02,86
751,2018-02-03,52
752,2018-02-04,52
753,2018-02-05,147
754,2018-02-06,107
755,2018-02-07,91
756,2018-02-08,76
757,2018-02-09,102
758,2018-02-10,51
759,2018-02-11,42
760,2018-02-12,93
761,2018-02-13,84
762,2018-02-14,114
763,2018-02-15,88
764,2018-02-16,84
765,2018-02-17,73
766,2018-02-18,39
767,2018-02-19,79
768,2018-02-20,83
769,2018-02-21,57
770,2018-02-22,90
771,2018-02-23,82
772,2018-02-24,37
773,2018-02-25,24
774,2018-02-26,76
775,2018-02-27,90
776,2018-02-28,57
777,2018-03-01,79
778,2018-03-02,108
779,2018-03-03,40
780,2018-03-04,31
781,2018-03-05,69
782,2018-03-06,74
783,2018-03-07,90
784,2018-03-08,24
785,2018-03-09,67
786,2018-03-10,53
787,2018-03-11,37
788,2018-03-12,81
789,2018-03-13,123
790,2018-03-14,96
791,2018-03-15,97
792,2018-03-16,63
793,2018-03-17,44
794,2018-03-18,40
795,2018-03-19,93
796,2018-03-20,75
797,2018-03-21,87
798,2018-03-22,70
799,2018-03-23,70
800,2018-03-24,59
801,2018-03-25,27
802,2018-03-26,79
803,2018-03-27,66
804,2018-03-28,59
805,2018-03-29,57
806,2018-03-30,45
807,2018-03-31,46
808,2018-04-01,33
809,2018-04-02,80
810,2018-04-03,61
811,2018-04-04,88
812,2018-04-05,75
813,2018-04-06,67
814,2018-04-07,50
815,2018-04-08,28
816,2018-04-09,56
817,2018-04-10,72
818,2018-04-11,87
819,2018-04-12,93
820,2018-04-13,51
821,2018-04-14,55
822,2018-04-15,49
823,2018-04-16,59
824,2018-04-17,74
825,2018-04-18,79
826,2018-04-19,67
827,2018-04-20,56
828,2018-04-21,36
829,2018-04-22,42
830,2018-04-23,72
831,2018-04-24,67
832,2018-04-25,64
833,2018-04-26,43
834,2018-04-27,75
835,2018-04-28,36
836,2018-04-29,39
837,2018-04-30,67
838,2018-05-01,69
839,2018-05-02,75
840,2018-05-03,106
841,2018-05-04,78
842,2018-05-05,67
843,2018-05-06,43
844,2018-05-07,104
845,2018-05-08,48
846,2018-05-09,59
847,2018-05-10,81
848,2018-05-11,55
849,2018-05-12,40
850,2018-05-13,52
851,2018-05-14,66
852,2018-05-15,70
853,2018-05-16,80
854,2018-05-17,89
855,2018-05-18,77
856,2018-05-19,35
857,2018-05-20,42
858,2018-05-21,77
859,2018-05-22,67
860,2018-05-23,70
861,2018-05-24,66
862,2018-05-25,69
863,2018-05-26,36
864,2018-05-27,52
865,2018-05-28,83
866,2018-05-29,75
867,2018-05-30,69
868,2018-05-31,68
869,2018-06-01,83
870,2018-06-02,28
871,2018-06-03,30
872,2018-06-04,71
873,2018-06-05,66
874,2018-06-06,92
875,2018-06-07,67
876,2018-06-08,67
877,2018-06-09,44
878,2018-06-10,46
879,2018-06-11,71
880,2018-06-12,74
881,2018-06-13,79
882,2018-06-14,104
883,2018-06-15,83
884,2018-06-16,35
885,2018-06-17,56
886,2018-06-18,62
887,2018-06-19,66
888,2018-06-20,62
889,2018-06-21,81
890,2018-06-22,58
891,2018-06-23,27
892,2018-06-24,63
893,2018-06-25,58
894,2018-06-26,44
895,2018-06-27,80
896,2018-06-28,72
897,2018-06-29,80
898,2018-06-30,63
899,2018-07-01,41
900,2018-07-02,91
901,2018-07-03,80
902,2018-07-04,35
903,2018-07-05,58
904,2018-07-06,57
905,2018-07-07,49
906,2018-07-08,95
907,2018-07-09,85
908,2018-07-10,67
909,2018-07-11,64
910,2018-07-12,72
911,2018-07-13,95
912,2018-07-14,46
913,2018-07-15,53
914,2018-07-16,68
915,2018-07-17,53
916,2018-07-18,90
917,2018-07-19,70
918,2018-07-20,47
919,2018-07-21,34
920,2018-07-22,63
921,2018-07-23,67
922,2018-07-24,71
923,2018-07-25,33
924,2018-07-26,67
925,2018-07-27,43
926,2018-07-28,22
927,2018-07-29,30
928,2018-07-30,57
929,2018-07-31,52
930,2018-08-01,49
931,2018-08-02,42
932,2018-08-03,38
933,2018-08-04,30
934,2018-08-05,29
935,2018-08-06,50
936,2018-08-07,36
937,2018-08-08,30
938,2018-08-09,30
939,2018-08-10,46
940,2018-08-11,26
941,2018-08-12,41
942,2018-08-13,61
943,2018-08-14,47
944,2018-08-15,79
945,2018-08-16,75
946,2018-08-17,62
947,2018-08-18,44
948,2018-08-19,42
949,2018-08-20,53
950,2018-08-21,32
951,2018-08-22,53
952,2018-08-23,39
953,2018-08-24,66
954,2018-08-25,52
955,2018-08-26,38
956,2018-08-27,54
957,2018-08-28,65
958,2018-08-29,111
959,2018-08-30,86
960,2018-08-31,90
961,2018-09-01,47
962,2018-09-02,72
963,2018-09-03,82
964,2018-09-04,61
965,2018-09-05,67
966,2018-09-06,64
967,2018-09-07,68
968,2018-09-08,72
969,2018-09-09,63
970,2018-09-10,84
971,2018-09-11,91
972,2018-09-12,86
973,2018-09-13,62
974,2018-09-14,73
975,2018-09-15,60
976,2018-09-16,58
977,2018-09-17,110
978,2018-09-18,88
979,2018-09-19,73
980,2018-09-20,100
981,2018-09-21,80
982,2018-09-22,33
983,2018-09-23,46
984,2018-09-24,56
985,2018-09-25,97
986,2018-09-26,62
987,2018-09-27,73
988,2018-09-28,66
989,2018-09-29,41
990,2018-09-30,50
991,2018-10-01,122
992,2018-10-02,103
993,2018-10-03,74
994,2018-10-04,76
995,2018-10-05,71
996,2018-10-06,49
997,2018-10-07,73
998,2018-10-08,86
999,2018-10-09,111
1000,2018-10-10,97
1001,2018-10-11,26
1002,2018-10-12,90
1003,2018-10-13,71
1004,2018-10-14,106
1005,2018-10-15,88
1006,2018-10-16,93
1007,2018-10-17,109
1008,2018-10-18,80
1009,2018-10-19,108
1010,2018-10-20,42
1011,2018-10-21,85
1012,2018-10-22,92
1013,2018-10-23,81
1014,2018-10-24,95
1015,2018-10-25,90
1016,2018-10-26,117
1017,2018-10-27,103
1018,2018-10-28,78
1019,2018-10-29,86
1020,2018-10-30,119
1021,2018-10-31,118
1022,2018-11-01,25
1023,2018-11-02,74
1024,2018-11-03,57
1025,2018-11-04,91
1026,2018-11-05,76
1027,2018-11-06,115
1028,2018-11-07,76
1029,2018-11-08,90
1030,2018-11-09,103
1031,2018-11-10,98
1032,2018-11-11,95
1033,2018-11-12,96
1034,2018-11-13,61
1035,2018-11-14,81
1036,2018-11-15,149
1037,2018-11-16,102
1038,2018-11-17,58
1039,2018-11-18,56
1040,2018-11-19,130
1041,2018-11-20,130
1042,2018-11-21,106
1043,2018-11-22,76
1044,2018-11-23,68
1045,2018-11-24,54
1046,2018-11-25,75
1047,2018-11-26,94
1048,2018-11-27,86
1049,2018-11-28,67
1050,2018-11-29,49
1051,2018-11-30,104
1052,2018-12-01,67
1053,2018-12-02,79
1054,2018-12-03,116
1055,2018-12-04,123
1056,2018-12-05,94
1057,2018-12-06,102
1058,2018-12-07,78
1059,2018-12-08,67
1060,2018-12-09,111
1061,2018-12-10,109
1062,2018-12-11,85
1063,2018-12-12,97
1064,2018-12-13,92
1065,2018-12-14,100
1066,2018-12-15,92
1067,2018-12-16,55
1068,2018-12-17,86
1069,2018-12-18,99
1070,2018-12-19,120
1071,2018-12-20,73
1072,2018-12-21,135
1073,2018-12-22,47
1074,2018-12-23,76
1075,2018-12-24,73
1076,2018-12-25,49
1077,2018-12-26,62
1078,2018-12-27,99
1079,2018-12-28,88
1080,2018-12-29,61
1081,2018-12-30,63
1082,2018-12-31,121
1083,2019-01-01,64
1084,2019-01-02,111
1085,2019-01-03,76
1086,2019-01-04,110
1087,2019-01-05,66
1088,2019-01-06,73
1089,2019-01-07,124
1090,2019-01-08,112
1091,2019-01-09,83
1092,2019-01-10,94
1093,2019-01-11,97
1094,2019-01-12,83
1095,2019-01-13,87
1096,2019-01-14,78
1097,2019-01-15,94
1098,2019-01-16,111
1099,2019-01-17,98
1100,2019-01-18,70
1101,2019-01-19,68
1102,2019-01-20,51
1103,2019-01-21,111
1104,2019-01-22,107
1105,2019-01-23,87
1106,2019-01-24,88
1107,2019-01-25,115
1108,2019-01-26,69
1109,2019-01-27,56
1110,2019-01-28,113
1111,2019-01-29,110
1112,2019-01-30,88
1113,2019-01-31,104
1114,2019-02-01,85
1115,2019-02-02,77
1116,2019-02-03,58
1117,2019-02-04,87
1118,2019-02-05,99
1119,2019-02-06,104
1120,2019-02-07,100
1121,2019-02-08,82
1122,2019-02-09,62
1123,2019-02-10,89
1124,2019-02-11,122
1125,2019-02-12,123
1126,2019-02-13,95
1127,2019-02-14,54
1128,2019-02-15,97
1129,2019-02-16,56
1130,2019-02-17,91
1131,2019-02-18,89
1132,2019-02-19,74
1133,2019-02-20,95
1134,2019-02-21,92
1135,2019-02-22,100
1136,2019-02-23,56
1137,2019-02-24,85
1138,2019-02-25,99
1139,2019-02-26,98
1140,2019-02-27,96
1141,2019-02-28,85
1142,2019-03-01,93
1143,2019-03-02,52
1144,2019-03-03,115
1145,2019-03-04,90
1146,2019-03-05,95
1147,2019-03-06,81
1148,2019-03-07,68
1149,2019-03-08,86
1150,2019-03-09,79
1151,2019-03-10,62
1152,2019-03-11,108
1153,2019-03-12,76
1154,2019-03-13,93
1155,2019-03-14,83
1156,2019-03-15,103
1157,2019-03-16,63
1158,2019-03-17,64
1159,2019-03-18,99
1160,2019-03-19,105
1161,2019-03-20,84
1162,2019-03-21,64
1163,2019-03-22,80
1164,2019-03-23,54
1165,2019-03-24,53
1166,2019-03-25,78
1167,2019-03-26,93
1168,2019-03-27,94
1169,2019-03-28,66
1170,2019-03-29,89
1171,2019-03-30,63
1172,2019-03-31,64
1173,2019-04-01,77
1174,2019-04-02,91
1175,2019-04-03,73
1176,2019-04-04,90
1177,2019-04-05,81
1178,2019-04-06,42
1179,2019-04-07,60
1180,2019-04-08,94
1181,2019-04-09,93
1182,2019-04-10,109
1183,2019-04-11,106
1184,2019-04-12,69
1185,2019-04-13,69
1186,2019-04-14,59
1187,2019-04-15,80
1188,2019-04-16,78
1189,2019-04-17,76
1190,2019-04-18,78
1191,2019-04-19,107
1192,2019-04-20,63
1193,2019-04-21,42
1194,2019-04-22,127
1195,2019-04-23,106
1196,2019-04-24,72
1197,2019-04-25,115
1198,2019-04-26,102
1199,2019-04-27,57
1200,2019-04-28,60
1201,2019-04-29,76
1202,2019-04-30,114
1203,2019-05-01,84
1204,2019-05-02,115
1205,2019-05-03,90
1206,2019-05-04,93
1207,2019-05-05,76
1208,2019-05-06,71
1209,2019-05-07,96
1210,2019-05-08,94
1211,2019-05-09,92
1212,2019-05-10,70
1213,2019-05-11,64
1214,2019-05-12,75
1215,2019-05-13,88
1216,2019-05-14,95
1217,2019-05-15,88
1218,2019-05-16,122
1219,2019-05-17,83
1220,2019-05-18,56
1221,2019-05-19,73
1222,2019-05-20,72
1223,2019-05-21,83
1224,2019-05-22,96
1225,2019-05-23,82
1226,2019-05-24,120
1227,2019-05-25,49
1228,2019-05-26,69
1229,2019-05-27,72
1230,2019-05-28,85
1231,2019-05-29,112
1232,2019-05-30,72
1233,2019-05-31,102
1234,2019-06-01,78
1235,2019-06-02,76
1236,2019-06-03,80
1237,2019-06-04,74
1238,2019-06-05,83
1239,2019-06-06,90
1240,2019-06-07,94
1241,2019-06-08,61
1242,2019-06-09,90
1243,2019-06-10,65
1244,2019-06-11,74
1245,2019-06-12,78
1246,2019-06-13,83
1247,2019-06-14,105
1248,2019-06-15,69
1249,2019-06-16,42
1250,2019-06-17,77
1251,2019-06-18,72
1252,2019-06-19,99
1253,2019-06-20,104
1254,2019-06-21,100
1255,2019-06-22,54
1256,2019-06-23,47
1257,2019-06-24,115
1258,2019-06-25,101
1259,2019-06-26,90
1260,2019-06-27,56
1261,2019-06-28,66
1262,2019-06-29,52
1263,2019-06-30,60
1264,2019-07-01,95
1265,2019-07-02,73
1266,2019-07-03,100
1267,2019-07-04,54
1268,2019-07-05,102
1269,2019-07-06,61
1270,2019-07-07,83
1271,2019-07-08,93
1272,2019-07-09,46
1273,2019-07-10,63
1274,2019-07-11,77
1275,2019-07-12,89
1276,2019-07-13,53
1277,2019-07-14,70
1278,2019-07-15,75
1279,2019-07-16,76
1280,2019-07-17,107
1281,2019-07-18,76
1282,2019-07-19,90
1283,2019-07-20,67
1284,2019-07-21,91
1285,2019-07-22,81
1286,2019-07-23,91
1287,2019-07-24,94
1288,2019-07-25,80
1289,2019-07-26,80
1290,2019-07-27,60
1291,2019-07-28,55
1292,2019-07-29,94
1293,2019-07-30,72
1294,2019-07-31,110
1295,2019-08-01,100
1296,2019-08-02,99
1297,2019-08-03,40
1298,2019-08-04,65
1299,2019-08-05,103
1300,2019-08-06,68
1301,2019-08-07,86
1302,2019-08-08,85
1303,2019-08-09,67
1304,2019-08-10,71
1305,2019-08-11,77
1306,2019-08-12,76
1307,2019-08-13,62
1308,2019-08-14,96
1309,2019-08-15,84
1310,2019-08-16,82
1311,2019-08-17,46
1312,2019-08-18,63
1313,2019-08-19,82
1314,2019-08-20,88
1315,2019-08-21,71
1316,2019-08-22,81
1317,2019-08-23,58
1318,2019-08-24,0
1319,2019-08-25,34
1320,2019-08-26,123
1321,2019-08-27,96
1322,2019-08-28,70
1323,2019-08-29,94
1324,2019-08-30,92
1325,2019-08-31,70
1326,2019-09-01,51
1327,2019-09-02,88
1328,2019-09-03,91
1329,2019-09-04,52
1330,2019-09-05,73
1331,2019-09-06,44
1332,2019-09-07,47
1333,2019-09-08,51
1334,2019-09-09,63
1335,2019-09-10,60
1336,2019-09-11,76
1337,2019-09-12,77
1338,2019-09-13,107
1339,2019-09-14,53
1340,2019-09-15,48
1341,2019-09-16,94
1342,2019-09-17,93
1343,2019-09-18,72
1344,2019-09-19,40
1345,2019-09-20,107
1346,2019-09-21,45
1347,2019-09-22,32
1348,2019-09-23,87
1349,2019-09-24,90
1350,2019-09-25,93
1351,2019-09-26,73
1352,2019-09-27,87
1353,2019-09-28,61
1354,2019-09-29,38
1355,2019-09-30,73
1356,2019-10-01,74
1357,2019-10-02,85
1358,2019-10-03,88
1359,2019-10-04,92
1360,2019-10-05,30
1361,2019-10-06,46
1362,2019-10-07,83
1363,2019-10-08,71
1364,2019-10-09,83
1365,2019-10-10,112
1366,2019-10-11,77
1367,2019-10-12,51
1368,2019-10-13,55
1369,2019-10-14,88
1370,2019-10-15,58
1371,2019-10-16,97
1372,2019-10-17,74
1373,2019-10-18,79
1374,2019-10-19,43
1375,2019-10-20,47
1376,2019-10-21,97
1377,2019-10-22,91
1378,2019-10-23,68
1379,2019-10-24,94
1380,2019-10-25,73
1381,2019-10-26,126
1382,2019-10-27,35
1383,2019-10-28,62
1384,2019-10-29,71
1385,2019-10-30,78
1386,2019-10-31,109
1387,2019-11-01,77
1388,2019-11-02,35
1389,2019-11-03,33
1390,2019-11-04,80
1391,2019-11-05,100
1392,2019-11-06,86
1393,2019-11-07,103
1394,2019-11-08,105
1395,2019-11-09,39
1396,2019-11-10,29
1397,2019-11-11,110
1398,2019-11-12,108
1399,2019-11-13,92
1400,2019-11-14,58
1401,2019-11-15,46
1402,2019-11-16,30
1403,2019-11-17,11
1404,2019-11-18,43
1405,2019-11-19,46
1406,2019-11-20,34
1407,2019-11-21,35
1408,2019-11-22,43
1409,2019-11-23,20
1410,2019-11-24,15
1411,2019-11-25,31
1412,2019-11-26,21
1413,2019-11-27,22
1414,2019-11-28,7
1415,2019-11-29,13
1416,2019-11-30,7
1417,2019-12-01,9
1418,2019-12-02,12
1419,2019-12-03,89
1420,2019-12-04,106
1421,2019-12-05,60
1422,2019-12-06,86
1423,2019-12-07,31
1424,2019-12-08,43
1425,2019-12-09,84
1426,2019-12-10,141
1427,2019-12-11,91
1428,2019-12-12,67
1429,2019-12-13,106
1430,2019-12-14,63
1431,2019-12-15,28
1432,2019-12-16,79
1433,2019-12-17,91
1434,2019-12-18,96
1435,2019-12-19,112
1436,2019-12-20,109
1437,2019-12-21,64
1438,2019-12-22,46
1439,2019-12-23,98
1440,2019-12-24,84
1441,2019-12-25,36
1442,2019-12-26,89
1443,2019-12-27,94
1444,2019-12-28,61
1445,2019-12-29,33
1446,2019-12-30,72
1447,2019-12-31,68
1448,2020-01-01,34
1449,2020-01-02,68
1450,2020-01-03,92
1451,2020-01-04,19
1452,2020-01-05,58
1453,2020-01-06,59
1454,2020-01-07,80
1455,2020-01-08,57
1456,2020-01-09,67
1457,2020-01-10,81
1458,2020-01-11,56
1459,2020-01-12,31
1460,2020-01-13,71
1461,2020-01-14,107
1462,2020-01-15,127
1463,2020-01-16,100
1464,2020-01-17,100
1465,2020-01-18,45
1466,2020-01-19,40
1467,2020-01-20,95
1468,2020-01-21,71
1469,2020-01-22,70
1470,2020-01-23,68
1471,2020-01-24,91
1472,2020-01-25,53
1473,2020-01-26,56
1474,2020-01-27,74
1475,2020-01-28,67
1476,2020-01-29,73
1477,2020-01-30,71
1478,2020-01-31,58
1479,2020-02-01,50
1480,2020-02-02,31
1481,2020-02-03,117
1482,2020-02-04,70
1483,2020-02-05,52
1484,2020-02-06,102
1485,2020-02-07,102
1486,2020-02-08,37
1487,2020-02-09,38
1488,2020-02-10,39
1489,2020-02-11,64
1490,2020-02-12,60
1491,2020-02-13,69
1492,2020-02-14,75
1493,2020-02-15,45
1494,2020-02-16,44
1495,2020-02-17,80
1496,2020-02-18,101
1497,2020-02-19,77
1498,2020-02-20,65
1499,2020-02-21,69
1500,2020-02-22,43
1501,2020-02-23,38
1502,2020-02-24,61
1503,2020-02-25,71
1504,2020-02-26,86
1505,2020-02-27,82
1506,2020-02-28,85
1507,2020-02-29,26
1508,2020-03-01,46
1509,2020-03-02,59
1510,2020-03-03,76
1511,2020-03-04,68
1512,2020-03-05,73
1513,2020-03-06,64
1514,2020-03-07,29
1515,2020-03-08,60
1516,2020-03-09,73
1517,2020-03-10,87
1518,2020-03-11,85
1519,2020-03-12,65
1520,2020-03-13,69
1521,2020-03-14,33
1522,2020-03-15,67
1523,2020-03-16,70
1524,2020-03-17,81
1525,2020-03-18,126
1526,2020-03-19,211
1527,2020-03-20,281
1528,2020-03-21,110
1529,2020-03-22,127
1530,2020-03-23,246
1531,2020-03-24,184
1532,2020-03-25,105
1533,2020-03-26,127
1534,2020-03-27,210
1535,2020-03-28,65
1536,2020-03-29,84
1537,2020-03-30,151
1538,2020-03-31,122
1539,2020-04-01,157
1540,2020-04-02,157
1541,2020-04-03,138
1542,2020-04-04,77
1543,2020-04-05,66
1544,2020-04-06,196
1545,2020-04-07,118
1546,2020-04-08,110
1547,2020-04-09,156
1548,2020-04-10,143
1549,2020-04-11,70
1550,2020-04-12,70
1551,2020-04-13,171
1552,2020-04-14,164
1553,2020-04-15,180
1554,2020-04-16,146
1555,2020-04-17,104
1556,2020-04-18,84
1557,2020-04-19,68
1558,2020-04-20,172
1559,2020-04-21,148
1560,2020-04-22,198
1561,2020-04-23,152
1562,2020-04-24,194
1563,2020-04-25,95
1564,2020-04-26,64
1565,2020-04-27,167
1566,2020-04-28,174
1567,2020-04-29,121
1568,2020-04-30,232
1569,2020-05-01,178
1570,2020-05-02,102
1571,2020-05-03,69
1572,2020-05-04,0
1573,2020-05-05,91
1574,2020-05-06,104
1575,2020-05-07,177
1576,2020-05-08,179
1577,2020-05-09,81
1578,2020-05-10,75
1579,2020-05-11,181
1580,2020-05-12,160
1581,2020-05-13,165
1582,2020-05-14,162
1583,2020-05-15,156
1584,2020-05-16,84
1585,2020-05-17,94
1586,2020-05-18,156
1587,2020-05-19,187
1588,2020-05-20,164
1589,2020-05-21,126
1590,2020-05-22,286
1591,2020-05-23,90
1592,2020-05-24,86
1593,2020-05-25,123
1594,2020-05-26,186
1595,2020-05-27,185
1596,2020-05-28,162
1597,2020-05-29,199
1598,2020-05-30,104
1599,2020-05-31,102
1600,2020-06-01,175
1601,2020-06-02,143
1602,2020-06-03,189
1603,2020-06-04,187
1604,2020-06-05,183
1605,2020-06-06,73
1606,2020-06-07,114
1607,2020-06-08,131
1608,2020-06-09,183
1609,2020-06-10,182
1610,2020-06-11,182
1611,2020-06-12,188
1612,2020-06-13,131
1613,2020-06-14,82
1614,2020-06-15,189
1615,2020-06-16,170
1616,2020-06-17,155
1617,2020-06-18,169
1618,2020-06-19,199
1619,2020-06-20,110
1620,2020-06-21,102
1621,2020-06-22,183
1622,2020-06-23,188
1623,2020-06-24,156
1624,2020-06-25,149
1625,2020-06-26,229
1626,2020-06-27,126
1627,2020-06-28,87
1628,2020-06-29,86
1629,2020-06-30,15
1630,2020-07-01,21
1631,2020-07-02,14
1632,2020-07-03,11
1633,2020-07-04,6
1634,2020-07-05,5
1635,2020-07-06,16
1636,2020-07-07,17
1637,2020-07-08,13
1638,2020-07-09,12
1639,2020-07-10,2
1640,2020-07-11,10
1641,2020-07-12,6
1642,2020-07-13,11
1643,2020-07-14,13
1644,2020-07-15,18
1645,2020-07-16,17
1646,2020-07-17,24
1647,2020-07-18,13
1648,2020-07-19,7
1649,2020-07-20,17
1650,2020-07-21,26
1651,2020-07-22,19
1652,2020-07-23,19
1653,2020-07-24,15
1654,2020-07-25,8
1655,2020-07-26,9
1656,2020-07-27,13
1657,2020-07-28,12
1658,2020-07-29,25
1659,2020-07-30,18
1660,2020-07-31,24
1661,2020-08-01,12
1662,2020-08-02,16
1663,2020-08-03,47
1664,2020-08-04,17
1665,2020-08-05,12
1666,2020-08-06,22
1667,2020-08-07,16
1668,2020-08-08,10
1669,2020-08-09,11
1670,2020-08-10,4
1671,2020-08-11,19
1672,2020-08-12,8
1673,2020-08-13,14
1674,2020-08-14,21
1675,2020-08-15,15
1676,2020-08-16,19
1677,2020-08-17,15
1678,2020-08-18,12
1679,2020-08-19,20
1680,2020-08-20,10
1681,2020-08-21,24
1682,2020-08-22,6
1683,2020-08-23,5
1684,2020-08-24,19
1685,2020-08-25,21
1686,2020-08-26,7
1687,2020-08-27,11
1688,2020-08-28,15
1689,2020-08-29,5
1690,2020-08-30,8
1691,2020-08-31,17
1692,2020-09-01,15
1693,2020-09-02,15
1694,2020-09-03,21
1695,2020-09-04,23
1696,2020-09-05,14
1697,2020-09-06,15
1698,2020-09-07,16
1699,2020-09-08,109
1700,2020-09-09,127
1701,2020-09-10,131
1702,2020-09-11,112
1703,2020-09-12,58
1704,2020-09-13,60
1705,2020-09-14,93
1706,2020-09-15,29
1707,2020-09-16,66
1708,2020-09-17,87
1709,2020-09-18,109
1710,2020-09-19,69
1711,2020-09-20,65
1712,2020-09-21,76
1713,2020-09-22,50
1714,2020-09-23,82
1715,2020-09-24,75
1716,2020-09-25,86
1717,2020-09-26,60
1718,2020-09-27,63
1719,2020-09-28,93
1720,2020-09-29,61
1721,2020-09-30,77
1722,2020-10-01,72
1723,2020-10-02,56
1724,2020-10-03,57
1725,2020-10-04,27
1726,2020-10-05,53
1727,2020-10-06,48
1728,2020-10-07,46
1729,2020-10-08,38
1730,2020-10-09,48
1731,2020-10-10,52
1732,2020-10-11,65
1733,2020-10-12,83
1734,2020-10-13,60
1735,2020-10-14,94
1736,2020-10-15,48
1737,2020-10-16,66
1738,2020-10-17,76
1739,2020-10-18,77
1740,2020-10-19,70
1741,2020-10-20,108
1742,2020-10-21,115
1743,2020-10-22,91
1744,2020-10-23,83
1745,2020-10-24,70
1746,2020-10-25,95
1747,2020-10-26,99
1748,2020-10-27,68
1749,2020-10-28,87
1750,2020-10-29,134
1751,2020-10-30,121
1752,2020-10-31,112
1753,2020-11-01,112
1754,2020-11-02,75
1755,2020-11-03,103
1756,2020-11-04,93
1757,2020-11-05,91
1758,2020-11-06,75
1759,2020-11-07,91
1760,2020-11-08,99
1761,2020-11-09,102
1762,2020-11-10,75
1763,2020-11-11,140
1764,2020-11-12,111
1765,2020-11-13,123
1766,2020-11-14,106
1767,2020-11-15,86
1768,2020-11-16,96
1769,2020-11-17,82
1770,2020-11-18,95
1771,2020-11-19,90
1772,2020-11-20,96
1773,2020-11-21,90
1774,2020-11-22,57
1775,2020-11-23,85
1776,2020-11-24,102
1777,2020-11-25,105
1778,2020-11-26,82
1779,2020-11-27,56
1780,2020-11-28,66
1781,2020-11-29,76
1782,2020-11-30,126
1783,2020-12-01,90
1784,2020-12-02,97
1785,2020-12-03,88
1786,2020-12-04,37
1787,2020-12-05,4
1788,2020-12-06,38
1789,2020-12-07,68
1790,2020-12-08,105
1791,2020-12-09,116
1792,2020-12-10,72
1793,2020-12-11,85
1794,2020-12-12,83
1795,2020-12-13,100
1796,2020-12-14,91
1797,2020-12-15,110
1798,2020-12-16,145
1799,2020-12-17,154
1800,2020-12-18,94
1801,2020-12-19,107
1802,2020-12-20,71
1803,2020-12-21,97
1804,2020-12-22,88
1805,2020-12-23,96
1806,2020-12-24,117
1807,2020-12-25,86
1808,2020-12-26,75
1809,2020-12-27,58
1810,2020-12-28,76
1811,2020-12-29,85
1812,2020-12-30,97
1813,2020-12-31,87
1814,2021-01-01,87
1815,2021-01-02,58
1816,2021-01-03,70
1817,2021-01-04,65
1818,2021-01-05,56
1819,2021-01-06,64
1820,2021-01-07,71
1821,2021-01-08,48
1822,2021-01-09,65
1823,2021-01-10,48
1824,2021-01-11,73
1825,2021-01-12,84
1826,2021-01-13,65
1827,2021-01-14,82
1828,2021-01-15,93
1829,2021-01-16,99
1830,2021-01-17,61
1831,2021-01-18,79
1832,2021-01-19,78
1833,2021-01-20,78
1834,2021-01-21,94
1835,2021-01-22,73
1836,2021-01-23,74
1837,2021-01-24,75
1838,2021-01-25,109
1839,2021-01-26,146
1840,2021-01-27,72
1841,2021-01-28,85
1842,2021-01-29,73
1843,2021-01-30,55
1844,2021-01-31,107
1845,2021-02-01,101
1846,2021-02-02,98
1847,2021-02-03,118
1848,2021-02-04,99
1849,2021-02-05,93
1850,2021-02-06,80
1851,2021-02-07,104
1852,2021-02-08,92
1853,2021-02-09,98
1854,2021-02-10,61
1855,2021-02-11,150
1856,2021-02-12,121
1857,2021-02-13,85
1858,2021-02-14,93
1859,2021-02-15,141
1860,2021-02-16,137
1861,2021-02-17,90
1862,2021-02-18,132
1863,2021-02-19,88
1864,2021-02-20,60
1865,2021-02-21,57
1866,2021-02-22,129
1867,2021-02-23,83
1868,2021-02-24,46
1869,2021-02-25,53
1870,2021-02-26,60
1871,2021-02-27,45
1872,2021-02-28,45
1873,2021-03-01,51
1874,2021-03-02,79
1875,2021-03-03,79
1876,2021-03-04,51
1877,2021-03-05,69
1878,2021-03-06,30
1879,2021-03-07,49
1880,2021-03-08,54
1881,2021-03-09,77
1882,2021-03-10,61
1883,2021-03-11,58
1884,2021-03-12,67
1885,2021-03-13,56
1886,2021-03-14,51
1887,2021-03-15,54
1888,2021-03-16,55
1889,2021-03-17,54
1890,2021-03-18,68
1891,2021-03-19,61
1892,2021-03-20,55
1893,2021-03-21,30
1894,2021-03-22,38
1895,2021-03-23,70
1896,2021-03-24,57
1897,2021-03-25,56
1898,2021-03-26,81
1899,2021-03-27,68
1900,2021-03-28,38
1901,2021-03-29,57
1902,2021-03-30,60
1903,2021-03-31,49
1904,2021-04-01,61
1905,2021-04-02,84
1906,2021-04-03,62
1907,2021-04-04,34
1908,2021-04-05,49
1909,2021-04-06,84
1910,2021-04-07,59
1911,2021-04-08,66
1912,2021-04-09,59
1913,2021-04-10,69
1914,2021-04-11,36
1915,2021-04-12,48
1916,2021-04-13,60
1917,2021-04-14,71
1918,2021-04-15,49
1919,2021-04-16,67
1920,2021-04-17,42
1921,2021-04-18,55
1922,2021-04-19,55
1923,2021-04-20,75
1924,2021-04-21,58
1925,2021-04-22,82
1926,2021-04-23,59
1927,2021-04-24,53
1928,2021-04-25,54
1929,2021-04-26,68
1930,2021-04-27,69
1931,2021-04-28,58
1932,2021-04-29,4
1933,2021-04-30,74
1934,2021-05-01,67
1935,2021-05-02,46
1936,2021-05-03,73
1937,2021-05-04,47
1938,2021-05-05,84
1939,2021-05-06,71
1940,2021-05-07,63
1941,2021-05-08,67
1942,2021-05-09,48
1943,2021-05-10,52
1944,2021-05-11,33
1945,2021-05-12,27
1946,2021-05-13,31
1947,2021-05-14,40
1948,2021-05-15,47
1949,2021-05-16,27
1950,2021-05-17,30
1951,2021-05-18,68
1952,2021-05-19,55
1953,2021-05-20,62
1954,2021-05-21,87
1955,2021-05-22,69
1956,2021-05-23,79
1957,2021-05-24,77
1958,2021-05-25,58
1959,2021-05-26,73
1960,2021-05-27,63
1961,2021-05-28,114
1962,2021-05-29,68
1963,2021-05-30,56
1964,2021-05-31,71
1965,2021-06-01,79
1966,2021-06-02,78
1967,2021-06-03,81
1968,2021-06-04,113
1969,2021-06-05,81
1970,2021-06-06,63
1971,2021-06-07,60
1972,2021-06-08,85
1973,2021-06-09,90
1974,2021-06-10,87
1975,2021-06-11,71
1976,2021-06-12,47
1977,2021-06-13,81
1978,2021-06-14,88
1979,2021-06-15,77
1980,2021-06-16,72
1981,2021-06-17,69
1982,2021-06-18,90
1983,2021-06-19,83
1984,2021-06-20,68
1985,2021-06-21,58
1986,2021-06-22,71
1987,2021-06-23,59
1988,2021-06-24,69
1989,2021-06-25,76
1990,2021-06-26,62
1991,2021-06-27,82
1992,2021-06-28,76
1993,2021-06-29,86
1994,2021-06-30,80
1995,2021-07-01,98
1996,2021-07-02,73
1997,2021-07-03,41
1998,2021-07-04,55
1999,2021-07-05,85
2000,2021-07-06,83
2001,2021-07-07,71
2002,2021-07-08,82
2003,2021-07-09,71
2004,2021-07-10,47
2005,2021-07-11,57
2006,2021-07-12,119
2007,2021-07-13,20
2008,2021-07-14,0
2009,2021-07-15,0
2010,2021-07-16,7
2011,2021-07-17,62
2012,2021-07-18,55
2013,2021-07-19,48
2014,2021-07-20,41
2015,2021-07-21,53
2016,2021-07-22,73
2017,2021-07-23,64
2018,2021-07-24,79
2019,2021-07-25,72
2020,2021-07-26,63
2021,2021-07-27,51
2022,2021-07-28,62
2023,2021-07-29,60
2024,2021-07-30,72
2025,2021-07-31,38
2026,2021-08-01,61
2027,2021-08-02,41
2028,2021-08-03,60
2029,2021-08-04,57
2030,2021-08-05,62
2031,2021-08-06,60
2032,2021-08-07,55
2033,2021-08-08,31
2034,2021-08-09,0
2035,2021-08-10,50
2036,2021-08-11,71
2037,2021-08-12,69
2038,2021-08-13,65
2039,2021-08-14,69
2040,2021-08-15,58
2041,2021-08-16,79
2042,2021-08-17,9
2043,2021-08-18,52
2044,2021-08-19,75
2045,2021-08-20,78
2046,2021-08-21,93
2047,2021-08-22,52
2048,2021-08-23,65
2049,2021-08-24,74
2050,2021-08-25,111
2051,2021-08-26,62
2052,2021-08-27,89
2053,2021-08-28,67
2054,2021-08-29,64
2055,2021-08-30,118
2056,2021-08-31,84
2057,2021-09-01,141
2058,2021-09-02,70
2059,2021-09-03,35
2060,2021-09-04,58
2061,2021-09-05,71
2062,2021-09-06,65
2063,2021-09-07,70
2064,2021-09-08,74
2065,2021-09-09,74
2066,2021-09-10,90
2067,2021-09-11,64
2068,2021-09-12,60
2069,2021-09-13,90
2070,2021-09-14,70
2071,2021-09-15,82
2072,2021-09-16,128
2073,2021-09-17,84
2074,2021-09-18,77
2075,2021-09-19,60
2076,2021-09-20,85
2077,2021-09-21,83
2078,2021-09-22,117
2079,2021-09-23,100
2080,2021-09-24,97
2081,2021-09-25,87
2082,2021-09-26,72
2083,2021-09-27,83
2084,2021-09-28,94
2085,2021-09-29,89
2086,2021-09-30,70
2087,2021-10-01,0
2088,2021-10-02,0
2089,2021-10-03,0
2090,2021-10-04,65
2091,2021-10-05,89
2092,2021-10-06,87
2093,2021-10-07,67
2094,2021-10-08,102
2095,2021-10-09,76
2096,2021-10-10,71
2097,2021-10-11,93
2098,2021-10-12,89
2099,2021-10-13,89
2100,2021-10-14,107
2101,2021-10-15,111
2102,2021-10-16,91
2103,2021-10-17,87
2104,2021-10-18,58
2105,2021-10-19,101
2106,2021-10-20,106
2107,2021-10-21,82
2108,2021-10-22,101
2109,2021-10-23,90
2110,2021-10-24,98
2111,2021-10-25,116
2112,2021-10-26,88
2113,2021-10-27,95
2114,2021-10-28,70
2115,2021-10-29,108
2116,2021-10-30,79
2117,2021-10-31,49
2118,2021-11-01,87
2119,2021-11-02,102
2120,2021-11-03,111
2121,2021-11-04,102
2122,2021-11-05,97
2123,2021-11-06,86
2124,2021-11-07,46
2125,2021-11-08,89
2126,2021-11-09,111
2127,2021-11-10,87
2128,2021-11-11,84
2129,2021-11-12,136
2130,2021-11-13,74
2131,2021-11-14,75
2132,2021-11-15,110
2133,2021-11-16,100
2134,2021-11-17,85
2135,2021-11-18,112
2136,2021-11-19,109
2137,2021-11-20,115
2138,2021-11-21,190
2139,2021-11-22,118
2140,2021-11-23,115
2141,2021-11-24,106
2142,2021-11-25,52
2143,2021-11-26,58
2144,2021-11-27,58
2145,2021-11-28,84
2146,2021-11-29,96
2147,2021-11-30,57
2148,2021-12-01,82
2149,2021-12-02,104
2150,2021-12-03,116
2151,2021-12-04,86
2152,2021-12-05,71
2153,2021-12-06,107
2154,2021-12-07,88
2155,2021-12-08,115
2156,2021-12-09,102
2157,2021-12-10,122
2158,2021-12-11,102
2159,2021-12-12,78
2160,2021-12-13,105
2161,2021-12-14,86
2162,2021-12-15,141
2163,2021-12-16,121
2164,2021-12-17,85
2165,2021-12-18,114
2166,2021-12-19,58
2167,2021-12-20,91
2168,2021-12-21,80
2169,2021-12-22,111
2170,2021-12-23,100
2171,2021-12-24,85
2172,2021-12-25,56
2173,2021-12-26,99
2174,2021-12-27,101
2175,2021-12-28,88
2176,2021-12-29,97
2177,2021-12-30,98
2178,2021-12-31,72
2179,2022-01-01,86
2180,2022-01-02,64
2181,2022-01-03,116
2182,2022-01-04,83
2183,2022-01-05,67
2184,2022-01-06,2
2185,2022-01-07,2
2186,2022-01-08,58
2187,2022-01-09,55
2188,2022-01-10,58
2189,2022-01-11,83
2190,2022-01-12,69
2191,2022-01-13,89
2192,2022-01-14,103
2193,2022-01-15,65
2194,2022-01-16,76
2195,2022-01-17,68
2196,2022-01-18,66
2197,2022-01-19,95
2198,2022-01-20,72
2199,2022-01-21,82
2200,2022-01-22,57
2201,2022-01-23,54
2202,2022-01-24,73
2203,2022-01-25,80
2204,2022-01-26,78
2205,2022-01-27,80
2206,2022-01-28,121
2207,2022-01-29,72
2208,2022-01-30,44
2209,2022-01-31,56
2210,2022-02-01,76
2211,2022-02-02,92
2212,2022-02-03,115
2213,2022-02-04,98
2214,2022-02-05,85
2215,2022-02-06,53
2216,2022-02-07,65
2217,2022-02-08,77
2218,2022-02-09,77
2219,2022-02-10,101
2220,2022-02-11,96
2221,2022-02-12,77
2222,2022-02-13,58
2223,2022-02-14,62
2224,2022-02-15,63
2225,2022-02-16,98
2226,2022-02-17,93
2227,2022-02-18,81
2228,2022-02-19,77
2229,2022-02-20,73
2230,2022-02-21,98
2231,2022-02-22,75
2232,2022-02-23,115
2233,2022-02-24,83
2234,2022-02-25,87
2235,2022-02-26,65
2236,2022-02-27,72
2237,2022-02-28,67
2238,2022-03-01,70
2239,2022-03-02,70
2240,2022-03-03,55
2241,2022-03-04,91
2242,2022-03-05,75
2243,2022-03-06,83
2244,2022-03-07,73
2245,2022-03-08,65
2246,2022-03-09,108
2247,2022-03-10,80
2248,2022-03-11,93
2249,2022-03-12,110
2250,2022-03-13,70
2251,2022-03-14,73
2252,2022-03-15,107
2253,2022-03-16,94
2254,2022-03-17,86
2255,2022-03-18,102
2256,2022-03-19,73
2257,2022-03-20,86
2258,2022-03-21,77
2259,2022-03-22,74
2260,2022-03-23,71
2261,2022-03-24,66
2262,2022-03-25,0
2263,2022-03-26,0
2264,2022-03-27,0
2265,2022-03-28,0
2266,2022-03-29,0
2267,2022-03-30,0
2268,2022-03-31,8
2269,2022-04-01,109
2270,2022-04-02,53
2271,2022-04-03,48
2272,2022-04-04,71
2273,2022-04-05,67
2274,2022-04-06,78
2275,2022-04-07,68
2276,2022-04-08,94
2277,2022-04-09,79
2278,2022-04-10,57
2279,2022-04-11,117
2280,2022-04-12,92
2281,2022-04-13,97
2282,2022-04-14,108
2283,2022-04-15,91
2284,2022-04-16,73
2285,2022-04-17,58
2286,2022-04-18,113
2287,2022-04-19,91
2288,2022-04-20,91
2289,2022-04-21,102
2290,2022-04-22,98
2291,2022-04-23,79
2292,2022-04-24,90
2293,2022-04-25,84
2294,2022-04-26,69
2295,2022-04-27,74
2296,2022-04-28,80
2297,2022-04-29,102
2298,2022-04-30,88
2299,2022-05-01,65
2300,2022-05-02,84
2301,2022-05-03,105
2302,2022-05-04,106
2303,2022-05-05,59
2304,2022-05-06,0
2305,2022-05-07,0
2306,2022-05-08,0
2307,2022-05-09,0
2308,2022-05-10,8
2309,2022-05-11,82
2310,2022-05-12,72
2311,2022-05-13,93
2312,2022-05-14,95
2313,2022-05-15,57
2314,2022-05-16,78
2315,2022-05-17,99
2316,2022-05-18,62
2317,2022-05-19,81
2318,2022-05-20,111
2319,2022-05-21,75
2320,2022-05-22,50
2321,2022-05-23,81
2322,2022-05-24,85
2323,2022-05-25,114
2324,2022-05-26,78
2325,2022-05-27,86
2326,2022-05-28,61
2327,2022-05-29,67
2328,2022-05-30,56
2329,2022-05-31,79
2330,2022-06-01,97
2331,2022-06-02,54
2332,2022-06-03,1
2333,2022-06-04,1
2334,2022-06-05,19
2335,2022-06-06,71
2336,2022-06-07,67
2337,2022-06-08,72
2338,2022-06-09,100
2339,2022-06-10,96
2340,2022-06-11,75
2341,2022-06-12,57
2342,2022-06-13,80
2343,2022-06-14,107
2344,2022-06-15,103
2345,2022-06-16,85
2346,2022-06-17,134
2347,2022-06-18,88
2348,2022-06-19,65
2349,2022-06-20,85
2350,2022-06-21,79
2351,2022-06-22,100
2352,2022-06-23,78
2353,2022-06-24,92
2354,2022-06-25,78
2355,2022-06-26,56
2356,2022-06-27,107
2357,2022-06-28,92
2358,2022-06-29,89
2359,2022-06-30,86
2360,2022-07-01,75
2361,2022-07-02,76
2362,2022-07-03,50
2363,2022-07-04,76
2364,2022-07-05,87
2365,2022-07-06,105
2366,2022-07-07,83
2367,2022-07-08,81
2368,2022-07-09,81
2369,2022-07-10,68
2370,2022-07-11,83
2371,2022-07-12,91
2372,2022-07-13,93
2373,2022-07-14,87
2374,2022-07-15,95
2375,2022-07-16,85
2376,2022-07-17,90
2377,2022-07-18,102
2378,2022-07-19,99
2379,2022-07-20,75
2380,2022-07-21,101
2381,2022-07-22,125
2382,2022-07-23,106
2383,2022-07-24,104
2384,2022-07-25,116
2385,2022-07-26,135
2386,2022-07-27,165
2387,2022-07-28,179
2388,2022-07-29,175
2389,2022-07-30,74
2390,2022-07-31,108
2391,2022-08-01,150
2392,2022-08-02,137
2393,2022-08-03,142
2394,2022-08-04,148
2395,2022-08-05,180
2396,2022-08-06,87
2397,2022-08-07,55
2398,2022-08-08,182
2399,2022-08-09,151
2400,2022-08-10,96
2401,2022-08-11,98
2402,2022-08-12,111
2403,2022-08-13,78
2404,2022-08-14,99
2405,2022-08-15,36
2406,2022-08-16,71
2407,2022-08-17,97
2408,2022-08-18,136
2409,2022-08-19,102
2410,2022-08-20,84
2411,2022-08-21,70
2412,2022-08-22,89
2413,2022-08-23,77
2414,2022-08-24,91
2415,2022-08-25,95
2416,2022-08-26,109
2417,2022-08-27,64
2418,2022-08-28,91
2419,2022-08-29,108
2420,2022-08-30,98
2421,2022-08-31,88
2422,2022-09-01,112
2423,2022-09-02,76
2424,2022-09-03,108
2425,2022-09-04,69
2426,2022-09-05,82
2427,2022-09-06,92
2428,2022-09-07,99
2429,2022-09-08,62
2430,2022-09-09,35
2431,2022-09-10,73
2432,2022-09-11,74
2433,2022-09-12,79
2434,2022-09-13,115
2435,2022-09-14,134
2436,2022-09-15,96
2437,2022-09-16,99
2438,2022-09-17,69
2439,2022-09-18,94
2440,2022-09-19,110
2441,2022-09-20,122
2442,2022-09-21,89
2443,2022-09-22,101
2444,2022-09-23,100
2445,2022-09-24,76
2446,2022-09-25,65
2447,2022-09-26,94
2448,2022-09-27,104
2449,2022-09-28,70
2450,2022-09-29,72
2451,2022-09-30,73
2452,2022-10-01,58
2453,2022-10-02,78
2454,2022-10-03,74
2455,2022-10-04,94
2456,2022-10-05,91
2457,2022-10-06,123
2458,2022-10-07,114
2459,2022-10-08,67
2460,2022-10-09,72
2461,2022-10-10,82
2462,2022-10-11,101
2463,2022-10-12,93
2464,2022-10-13,129
2465,2022-10-14,118
2466,2022-10-15,54
2467,2022-10-16,76
2468,2022-10-17,53
2469,2022-10-18,0
2470,2022-10-19,0
2471,2022-10-20,0
2472,2022-10-21,0
2473,2022-10-22,0
2474,2022-10-23,0
2475,2022-10-24,0
2476,2022-10-25,0
2477,2022-10-26,0
2478,2022-10-27,0
2479,2022-10-28,0
2480,2022-10-29,0
2481,2022-10-30,0
2482,2022-10-31,30
2483,2022-11-01,91
2484,2022-11-02,83
2485,2022-11-03,125
2486,2022-11-04,148
2487,2022-11-05,99
2488,2022-11-06,97
2489,2022-11-07,119
2490,2022-11-08,105
2491,2022-11-09,125
2492,2022-11-10,132
2493,2022-11-11,139
2494,2022-11-12,92
2495,2022-11-13,83
2496,2022-11-14,89
2497,2022-11-15,118
2498,2022-11-16,114
2499,2022-11-17,130
2500,2022-11-18,136
2501,2022-11-19,80
2502,2022-11-20,68
2503,2022-11-21,85
2504,2022-11-22,98
2505,2022-11-23,81
2506,2022-11-24,38
2507,2022-11-25,0
2508,2022-11-26,0
2509,2022-11-27,0
2510,2022-11-28,1
2511,2022-11-29,0
2512,2022-11-30,21
2513,2022-12-01,109
2514,2022-12-02,90
2515,2022-12-03,92
2516,2022-12-04,66
2517,2022-12-05,108
2518,2022-12-06,98
2519,2022-12-07,131
2520,2022-12-08,124
2521,2022-12-09,115
2522,2022-12-10,103
2523,2022-12-11,84
2524,2022-12-12,109
2525,2022-12-13,103
2526,2022-12-14,118
2527,2022-12-15,209
2528,2022-12-16,132
2529,2022-12-17,110
2530,2022-12-18,69
2531,2022-12-19,116
2532,2022-12-20,113
2533,2022-12-21,142
2534,2022-12-22,161
2535,2022-12-23,192
2536,2022-12-24,112
2537,2022-12-25,44
2538,2022-12-26,66
2539,2022-12-27,121
2540,2022-12-28,68
2541,2022-12-29,101
2542,2022-12-30,123
2543,2022-12-31,96
2544,2023-01-01,116
2545,2023-01-02,88
2546,2023-01-03,113
2547,2023-01-04,119
2548,2023-01-05,123
2549,2023-01-06,69
2550,2023-01-07,0
2551,2023-01-08,1
2552,2023-01-09,0
2553,2023-01-10,0
2554,2023-01-11,0
2555,2023-01-12,20
2556,2023-01-13,110
2557,2023-01-14,92
2558,2023-01-15,82
2559,2023-01-16,110
2560,2023-01-17,146
2561,2023-01-18,123
2562,2023-01-19,124
2563,2023-01-20,136
2564,2023-01-21,115
2565,2023-01-22,105
2566,2023-01-23,111
2567,2023-01-24,146
2568,2023-01-25,162
2569,2023-01-26,118
2570,2023-01-27,119
2571,2023-01-28,97
2572,2023-01-29,96
2573,2023-01-30,142
2574,2023-01-31,119
2575,2023-02-01,55
2576,2023-02-02,59
2577,2023-02-03,60
2578,2023-02-04,36
2579,2023-02-05,35
2580,2023-02-06,48
2581,2023-02-07,44
2582,2023-02-08,68
2583,2023-02-09,71
2584,2023-02-10,79
2585,2023-02-11,38
2586,2023-02-12,38
2587,2023-02-13,52
2588,2023-02-14,57
2589,2023-02-15,63
2590,2023-02-16,56
2591,2023-02-17,50
2592,2023-02-18,0
2593,2023-02-19,0
2594,2023-02-20,23
2595,2023-02-21,65
2596,2023-02-22,87
2597,2023-02-23,65
2598,2023-02-24,0
2599,2023-02-25,4
2600,2023-02-26,36
2601,2023-02-27,61
2602,2023-02-28,32
2603,2023-03-01,0
2604,2023-03-02,0
2605,2023-03-03,0
2606,2023-03-04,0
2607,2023-03-05,0
2608,2023-03-06,0
2609,2023-03-07,0
2610,2023-03-08,0
2611,2023-03-09,0
2612,2023-03-10,0
2613,2023-03-11,0
2614,2023-03-12,0
2615,2023-03-13,0
2616,2023-03-14,0
2617,2023-03-15,0
2618,2023-03-16,0
2619,2023-03-17,1
2620,2023-03-18,13
2621,2023-03-19,48
2622,2023-03-20,47
2623,2023-03-21,41
2624,2023-03-22,60
2625,2023-03-23,52
2626,2023-03-24,65
2627,2023-03-25,52
2628,2023-03-26,49
2629,2023-03-27,56
2630,2023-03-28,57
2631,2023-03-29,50
2632,2023-03-30,34
2633,2023-03-31,33
